{
    "init": {
        "angle": 1.6978262502924344,
        "length": [
            45.6731154558468,
            14.446083379241587,
            60.672530681246,
            31.016975265275704,
            28.53989149704677,
            15.349775666113178,
            15.025642415550823,
            45.942107511724,
            30.350104827790336,
            31.52546443403399,
            30.40867093428035,
            31.919757128880413,
            30.450737246482344,
            15.207343620764284,
            31.91657085657105,
            27.236380046784785,
            45.85200424512138,
            15.2121183600444,
            26.726763499689948,
            13.86121975152259,
            29.426199547636624,
            30.67980821050687,
            31.233457608470715,
            61.40714279300089,
            15.379077865723941,
            31.973959619492458,
            92.22528501670838,
            30.91836759402794,
            15.306680142996399,
            61.413381367362845
        ],
        "segment": 30
    },
    "ops": [
        {
            "angle": -1.151218267228989,
            "circle_center": [
                39.354,
                5.026200000000003,
                0.0
            ],
            "end_location": [
                18.732,
                38.919,
                0.0
            ],
            "index": 0,
            "start_location": [
                0.0,
                0.0,
                0.0
            ],
            "start_tangent": [
                -5.026200000000003,
                39.354,
                0.0
            ],
            "type": "shape"
        },
        {
            "angle": -1.7050136867238317,
            "index": 0,
            "type": "bend"
        },
        {
            "angle": -0.6989766633320186,
            "index": 1,
            "type": "bend"
        },
        {
            "angle": 3.021653291755494,
            "circle_center": [
                43.781000000000006,
                20.0084,
                0.0
            ],
            "end_location": [
                62.223,
                12.069000000000003,
                0.0
            ],
            "index": 2,
            "start_location": [
                24.522000000000006,
                25.684,
                0.0
            ],
            "start_tangent": [
                -5.675599999999996,
                -19.259,
                0.0
            ],
            "type": "shape"
        },
        {
            "angle": 0.44220963721008444,
            "index": 2,
            "type": "bend"
        },
        {
            "angle": -2.3086950974693545,
            "circle_center": [
                75.64900000000002,
                12.548299999999998,
                0.0
            ],
            "end_location": [
                84.32700000000001,
                22.805,
                0.0
            ],
            "index": 3,
            "start_location": [
                62.223,
                12.069000000000003,
                0.0
            ],
            "start_tangent": [
                -0.47929999999999495,
                13.426000000000016,
                0.0
            ],
            "type": "shape"
        },
        {
            "angle": -0.9232416622030439,
            "index": 3,
            "type": "bend"
        },
        {
            "angle": 1.0105039830477813,
            "circle_center": [
                112.528,
                21.262,
                0.0
            ],
            "end_location": [
                96.234,
                -1.8070000000000022,
                0.0
            ],
            "index": 4,
            "start_location": [
                84.32700000000001,
                22.805,
                0.0
            ],
            "start_tangent": [
                -1.5429999999999993,
                -28.200999999999993,
                0.0
            ],
            "type": "shape"
        },
        {
            "angle": 0.32136757793771664,
            "index": 4,
            "type": "bend"
        },
        {
            "angle": -0.4691286595408577,
            "index": 5,
            "type": "bend"
        },
        {
            "angle": -0.525896934923448,
            "index": 6,
            "type": "bend"
        },
        {
            "angle": -1.594343650603819,
            "circle_center": [
                94.11400000000003,
                -24.65390000000008,
                0.0
            ],
            "end_location": [
                101.48400000000001,
                -52.51100000000007,
                0.0
            ],
            "index": 7,
            "start_location": [
                121.79000000000002,
                -16.630000000000063,
                0.0
            ],
            "start_tangent": [
                8.023900000000012,
                -27.675999999999988,
                0.0
            ],
            "type": "shape"
        },
        {
            "angle": -0.017153274748148855,
            "index": 7,
            "type": "bend"
        },
        {
            "angle": -1.5446013955475264,
            "circle_center": [
                96.78500000000003,
                -33.43200000000007,
                0.0
            ],
            "end_location": [
                77.83600000000001,
                -38.629000000000076,
                0.0
            ],
            "index": 8,
            "start_location": [
                101.48400000000001,
                -52.51100000000007,
                0.0
            ],
            "start_tangent": [
                -19.078999999999994,
                -4.698999999999984,
                0.0
            ],
            "type": "shape"
        },
        {
            "angle": 0.6261223425327301,
            "index": 8,
            "type": "bend"
        },
        {
            "angle": 2.6455902341321793,
            "circle_center": [
                83.26500000000001,
                -31.874000000000066,
                0.0
            ],
            "end_location": [
                91.25400000000002,
                -28.517000000000067,
                0.0
            ],
            "index": 9,
            "start_location": [
                77.83600000000001,
                -38.629000000000076,
                0.0
            ],
            "start_tangent": [
                -6.75500000000001,
                5.429000000000002,
                0.0
            ],
            "type": "shape"
        },
        {
            "angle": -0.9599911102517201,
            "index": 9,
            "type": "bend"
        },
        {
            "angle": -0.9018713697390475,
            "circle_center": [
                62.72600000000003,
                -10.544200000000075,
                0.0
            ],
            "end_location": [
                66.31800000000001,
                -44.07000000000008,
                0.0
            ],
            "index": 10,
            "start_location": [
                91.25400000000002,
                -28.517000000000067,
                0.0
            ],
            "start_tangent": [
                -17.972799999999992,
                -28.52799999999999,
                0.0
            ],
            "type": "shape"
        },
        {
            "angle": 0.0364374580350359,
            "index": 10,
            "type": "bend"
        },
        {
            "angle": -2.5470594841748233,
            "circle_center": [
                67.537,
                -52.52600000000007,
                0.0
            ],