{
    "init": {
        "angle": 0.0,
        "length": [
            50.0,
            150.0,
            471.23889803846896
        ],
        "segment": 3
    },
    "ops": [
        {
            "angle": -1.5707963267948966,
            "index": 0,
            "type": "bend"
        },
        {
            "angle": 0.0,
            "index": 1,
            "type": "bend"
        },
        {
            "angle": -1.5707963267948968,
            "circle_center": [
                150.0,
                -150.0,
                0.0
            ],
            "end_location": [
                150.0,
                -50.0,
                0.0
            ],
            "index": 2,
            "start_location": [
                50.00000000000001,
                -150.0,
                0.0
            ],
            "start_tangent": [
                -0.0,
                -100.0,
                0.0
            ],
            "type": "shape"
        }
    ]
}
