{
    "init": {
        "angle": -2.2255812904214647,
        "length": [
            47.051680112979675,
            23.167867760579263,
            35.10565863160745,
            23.52847727238793,
            16.27523677432415,
            47.040438659556344,
            8.022916489656371,
            23.475931675974326,
            11.322369282462274,
            58.80838831978028,
            11.436217775121284,
            35.1603689667572,
            35.51098732288737,
            23.341632762251574,
            9.863907947664542,
            23.155162402675405,
            10.876832075563177,
            35.27491675992389,
            22.715207637994308,
            23.402852745702145,
            10.348497475479222,
            46.94007819292367,
            32.28508988588055,
            11.481188309578425,
            58.80458064573151,
            2.9706088601496994,
            47.071640166991585,
            21.515752041408593
        ],
        "segment": 28
    },
    "ops": [
        {
            "angle": 0.2586554798736944,
            "circle_center": [
                144.28699999999998,
                -110.781,
                0.0
            ],
            "end_location": [
                -23.535999999999994,
                -40.590999999999994,
                0.0
            ],
            "index": 0,
            "start_location": [
                0.0,
                0.0,
                0.0
            ],
            "start_tangent": [
                -110.781,
                -144.28699999999998,
                0.0
            ],
            "type": "shape"
        },
        {
            "angle": -0.38165617114681044,
            "index": 0,
            "type": "bend"
        },
        {
            "angle": 2.1390724092015896,
            "circle_center": [
                -15.819399999999995,
                -48.191,
                0.0
            ],
            "end_location": [
                -18.071999999999996,
                -58.785,
                0.0
            ],
            "index": 1,
            "start_location": [
                -23.535999999999994,
                -40.590999999999994,
                0.0
            ],
            "start_tangent": [
                -7.6000000000000085,
                -7.7166,
                0.0
            ],
            "type": "shape"
        },
        {
            "angle": 0.34682529579703886,
            "index": 1,
            "type": "bend"
        },
        {
            "angle": 0.9677815054130972,
            "circle_center": [
                -23.037399999999998,
                -22.852100000000007,
                0.0
            ],
            "end_location": [
                9.37400000000001,
                -39.141000000000005,
                0.0
            ],
            "index": 2,
            "start_location": [
                -18.071999999999996,
                -58.785,
                0.0
            ],
            "start_tangent": [
                35.93289999999999,
                4.9654000000000025,
                0.0
            ],
            "type": "shape"
        },
        {
            "angle": -0.14326742185259106,
            "index": 2,
            "type": "bend"
        },
        {
            "angle": 0.03351141515145667,
            "circle_center": [
                -566.523,
                362.479,
                0.0
            ],
            "end_location": [
                22.507000000000005,
                -19.620000000000005,
                0.0
            ],
            "index": 3,
            "start_location": [
                9.37400000000001,
                -39.141000000000005,
                0.0
            ],
            "start_tangent": [
                401.62,
                575.897,
                0.0
            ],
            "type": "shape"
        },
        {
            "angle": 0.3075300463429714,
            "index": 3,
            "type": "bend"
        },
        {
            "angle": -0.9765647423200807,
            "circle_center": [
                38.578,
                -24.031900000000007,
                0.0
            ],
            "end_location": [
                33.236000000000004,
                -8.245999999999995,
                0.0
            ],
            "index": 4,
            "start_location": [
                22.507000000000005,
                -19.620000000000005,
                0.0
            ],
            "start_tangent": [
                4.411900000000003,
                16.070999999999998,
                0.0
            ],
            "type": "shape"
        },
        {
            "angle": -2.340125090477368,
            "index": 4,
            "type": "bend"
        },
        {
            "angle": 0.1372293115076216,
            "circle_center": [
                342.928,
                -155.188,
                0.0
            ],
            "end_location": [
                16.046000000000006,
                -51.992999999999995,
                0.0
            ],
            "index": 5,
            "start_location": [
                33.236000000000004,
                -8.245999999999995,
                0.0
            ],
            "start_tangent": [
                -146.942,
                -309.692,
                0.0
            ],
            "type": "shape"
        },
        {
            "angle": 0.9214202614520727,
            "index": 5,
            "type": "bend"
        },
        {
            "angle": 1.3609801835075144,
            "index": 6,
            "type": "bend"
        },
        {
            "angle": 0.1343176676239217,
            "circle_center": [
                -48.31750000000007,
                102.04090000000005,
                0.0
            ],
            "end_location": [
                41.56199999999993,
                -47.85699999999995,
                0.0
            ],
            "index": 7,
            "start_location": [
                20.67899999999993,
                -58.54299999999996,
                0.0
            ],
            "start_tangent": [
                160.5839,
                68.9965,
                0.0
            ],
            "type": "shape"
        },
        {
            "angle": -1.8977171196127993,
            "index": 7,
            "type": "bend"
        },
        {
            "angle": 0.9965821162883842,
            "circle_center": [
                52.665999999999926,
                -45.45299999999995,
                0.0
            ],
            "end_location": [
                48.652999999999935,
                -56.081999999999944,
                0.0
            ],
            "index": 8,
            "start_location": [
                41.56199999999993,
                -47.85699999999995,
                0.0
            ],
            "start_tangent": [
                2.4039999999999964,
                -11.104,
                0.0
            ],
            "type": "shape"
        },
        {
            "angle": 1.0981970772167218,
            "index": 8,
            "type": "bend"
        },
        {
            "angle": 0.26947974719067774,
            "circle_center": [
                -98.04320000000007,
                105.48630000000006,
                0.0
            ],
            "end_location": [
                86.37299999999993,
                -11.195999999999948,
                0.0
            ],
            "index": 9,
            "start_location": [
                48.652999999999935,
                -56.081999999999944,
                0.0
            ],